MSRP;sedan;hatch;convert;minivan;miniSUV;SUV;wagon;subcom;compact;fullsize;luxury;sport;city;high;length;width;height;weight;luggage;horse;Cyl;Disp;fuel;AWD;FWD;4WD
30880;0;0;0;0;0;0;0;0;0;0;1;0;19;29;192;70,6;55,5;3510;13,6;260;6;3,2;17,2;0;1;0
20465;0;0;0;0;0;0;0;0;1;0;0;0;24;32;186,7;70,1;54,5;2961;14,6;140;4;2,2;14,1;0;1;0
13270;0;0;0;0;0;0;0;0;1;0;0;0;32;37;174,7;66,7;55,1;2405;12,9;115;4;1,7;13,2;0;1;0
21635;0;0;0;0;0;0;0;0;1;0;0;0;20;29;186,3;70,4;55,1;3091;14,6;175;6;3,4;14,1;0;1;0
12482;0;0;0;0;0;0;0;0;1;0;0;0;32;39;168,1;66,5;52,4;2183;11,5;92;4;1,5;12,4;0;1;0
10480;0;0;0;0;0;0;0;0;1;0;0;0;34;41;163,2;65,4;59,4;2035;13,6;108;4;1,5;11,9;0;1;0
31845;0;0;0;0;0;0;0;0;0;0;1;0;23;31;159,1;73,1;53;2921;13,8;180;4;1,8;14,5;0;1;0
29745;0;0;0;0;0;0;0;0;0;0;1;0;19;27;176,7;69,2;53,9;3197;9,5;184;6;2,5;16,6;0;0;0
15675;0;0;0;0;0;0;0;0;1;0;0;0;24;32;180,9;68,7;53;2749;13,2;115;4;2,2;14,1;0;1;0
13330;0;0;0;0;0;0;0;0;1;0;0;0;25;33;175,2;67,4;52,3;2464;11,8;130;4;2;12,8;0;1;0
39647;0;0;0;0;0;0;0;0;0;0;1;0;18;27;200,6;75,5;53,6;3814;15,3;275;8;4,6;19;0;1;0
21170;0;0;0;0;0;0;0;0;0;0;0;0;20;29;194,6;72,7;56,6;3353;16,7;175;6;3,1;17,5;0;1;0
23274;0;0;0;0;0;0;0;0;0;0;0;0;20;29;200;73,5;57;3567;18;205;6;3,8;18,5;0;1;0
16433;0;0;0;0;0;0;0;0;1;0;0;0;21;38;182;68,4;53;2771;12,4;140;4;2,2;14,1;0;1;0
13545;0;0;0;0;0;0;0;0;0;0;0;0;28;40;180,5;68,2;53;2379;11,4;100;4;1,9;12,1;0;1;0
38150;0;0;0;0;0;0;0;0;0;0;1;0;21;29;185,7;71,5;55,7;3200;13,1;236;5;2,3;18;0;1;0
21060;0;0;0;0;0;0;0;0;0;0;0;0;21;32;197,9;72,3;55,2;3340;15,8;180;6;3,4;17;0;1;0
21015;0;0;0;0;0;0;0;0;0;0;0;0;21;28;190,2;70,3;53,7;3099;16,3;142;4;2,4;16,3;0;1;0
21985;0;0;0;0;0;0;0;0;0;0;0;0;20;29;190,9;70,3;53,7;3201;16,3;200;6;3;16,3;0;1;0
18705;0;0;0;0;0;0;0;0;0;0;0;0;20;29;183,2;73,1;53,1;3066;10,9;190;6;3,8;15,5;0;0;0
21960;0;0;0;0;0;0;0;0;0;0;0;0;26;32;186,8;70,3;54,9;3014;13,6;150;4;2,3;17,1;0;1;0
23835;0;0;0;0;0;0;0;0;0;0;0;0;19;29;197,5;72,6;54,7;3429;16;200;6;3,8;17,5;0;1;0
19850;0;0;0;0;0;0;0;0;0;0;0;0;24;33;191,5;71,1;55,1;3075;13,8;157;4;2,4;18,5;0;1;0
51100;0;0;0;0;0;0;0;0;0;0;0;1;19;28;179,7;73,6;47,7;3116;13,3;405;8;5,7;18,5;0;0;0
83000;0;0;0;0;0;0;0;0;0;0;0;1;11;21;176,7;75,7;47;3479;9,2;460;10;8;19;0;0;0
68665;0;0;0;0;0;0;0;0;0;0;0;1;18;26;174,5;69,7;51,4;2910;4,6;320;6;3,6;16,9;0;0;0
33845;0;0;1;0;0;0;0;0;0;0;1;0;22;31;159,1;73,1;53;3131;7,8;180;4;1,8;14,5;0;1;0
36745;0;0;1;0;0;0;0;0;0;0;1;0;19;26;176,7;69,2;54;3560;7,7;184;6;2,5;16,6;0;0;0
61630;0;0;1;0;0;0;0;0;0;0;1;0;18;23;177,8;72;53,1;3840;8,8;300;8;4,3;19,8;0;0;0
50265;0;0;1;0;0;0;0;0;0;0;1;0;19;26;180,3;67,8;54,3;3650;9,4;215;6;3,2;16,4;0;0;0
40620;0;0;1;0;0;0;0;0;0;0;1;0;23;33;182,3;67,4;56;3200;12,5;205;4;2;16,9;0;1;0
46750;0;0;1;0;0;0;0;0;0;0;1;0;21;28;185,7;71,5;56,3;3450;8,1;236;5;2,3;18;0;1;0
27010;0;0;1;0;0;0;0;0;0;0;0;0;19;31;193,5;74,1;51,8;3500;7,6;200;6;3,8;16,8;0;0;0
26040;0;0;1;0;0;0;0;0;0;0;0;0;20;27;193,7;69,4;55;3394;11,3;200;6;2,7;16;0;1;0
23625;0;0;1;0;0;0;0;0;0;0;0;0;20;29;183,2;73,1;53,2;3208;7,7;190;6;3,8;15,5;0;0;0
24172;0;0;1;0;0;0;0;0;0;0;0;0;22;29;175,4;68,9;52,8;3042;7,2;147;4;2,4;16,4;0;1;0
27565;0;0;1;0;0;0;0;0;0;0;0;0;19;30;193,4;74,5;52,4;3490;12,9;200;6;3,8;16,8;0;0;0
25980;0;0;1;0;0;0;0;0;0;0;0;0;23;32;191,5;71,1;55,1;3362;8,8;157;4;2,4;18,5;0;1;0
48875;0;0;1;0;0;0;0;0;0;0;0;1;18;25;179,7;73,6;47,8;3210;13,9;350;8;5,7;18,5;0;0;0
28100;0;0;1;0;0;0;0;0;0;0;0;1;18;26;183,2;73,1;53,2;3379;7,7;260;8;4,6;15,5;0;0;0
35695;0;0;1;0;0;0;0;0;0;0;0;1;17;23;186,3;72;52,1;3775;8,5;252;8;3,9;18;0;0;0
93315;0;0;1;0;0;0;0;0;0;0;1;0;11;17;169,4;71,7;51,4;3814;10,6;390;8;4,2;23;0;0;0
32860;0;0;1;0;0;0;0;0;0;0;0;1;20;26;162,2;68,9;50,6;2809;5;240;4;2;13,2;0;0;0
24600;0;0;1;0;0;0;0;0;0;0;0;1;22;28;155,3;66;48,4;2387;5,1;142;4;1,8;12,7;0;0;0
20150;0;0;1;0;0;0;0;0;0;0;0;1;24;31;160,4;66,7;56;2824;8;115;4;2;13,7;0;1;0
17995;0;1;0;0;0;0;0;0;1;0;0;0;21;25;168,1;66,9;56,3;2750;18,6;170;4;2;13,2;0;1;0
9694;0;1;0;0;0;0;0;0;1;0;0;0;25;35;160,4;66,1;56,4;2447;8,8;105;4;1,6;12,7;0;1;0
19460;0;1;0;0;0;0;0;0;1;0;0;0;26;30;165,6;66,7;56,5;2744;15,7;160;4;2;13,2;0;1;0
10744;0;1;0;0;0;0;0;0;1;0;0;0;27;37;166,7;65,7;54,9;2280;16,9;105;4;1,6;11,9;0;1;0
14494;0;1;0;0;0;0;0;0;1;0;0;0;25;33;177,1;67,7;56,1;2635;28,8;140;4;2;14,5;0;1;0
11890;0;1;0;0;0;0;0;0;1;0;0;0;24;32;178,1;67,9;56,1;2686;11,6;126;4;1,8;13,2;0;1;0
17995;0;1;0;0;0;0;0;0;1;0;0;0;20;29;185;69,6;52,2;2892;14,5;170;6;2,5;15,5;0;1;0
17570;0;1;0;0;0;0;0;0;1;0;0;0;28;33;170,5;68,3;51,4;2425;16,9;140;4;1,8;14,5;0;1;0
15600;0;1;0;0;0;0;0;0;1;0;0;0;24;31;164,9;68,3;56,7;2771;18;115;4;2;14,5;0;1;0
16450;0;1;0;0;0;0;0;0;1;0;0;0;24;31;161,1;67,9;59;2817;12;115;4;2;12;0;1;0
23670;0;1;0;0;0;0;0;0;0;0;1;0;24;31;172,2;67,9;55,1;2766;17,8;200;4;2;17,8;0;1;0
45635;0;1;0;0;0;0;0;0;0;0;1;0;17;25;158,5;68,5;50,4;3131;9;315;6;3,2;16,6;0;0;0
38345;0;1;0;0;0;0;0;0;0;0;1;0;19;27;158,5;68,5;51,4;2943;9;225;6;3;13,5;0;0;0
25615;0;1;0;0;0;0;0;0;0;0;1;0;21;28;171;68;54,3;3305;10,2;192;4;2,3;16,4;0;0;0
28620;0;1;0;0;0;0;0;0;0;0;1;0;21;29;182,3;67,4;56,2;3060;21,7;205;4;2;16,9;0;1;0
19015;0;1;0;0;0;0;0;0;0;0;0;0;19;31;193,5;74,1;51,2;3306;12,9;200;6;3,8;16,8;0;0;0
20650;0;1;0;0;0;0;0;0;0;0;0;0;19;31;193,4;74,5;52;3327;12,9;200;6;3,8;16,8;0;0;0
23430;0;1;0;0;0;0;0;0;0;0;0;1;18;25;193,5;74,1;51,2;3439;12,9;310;8;5,7;16,8;0;0;0
42350;0;1;0;0;0;0;0;0;0;0;0;1;19;28;179,7;73,6;47,7;3214;24,8;350;8;5,7;18,5;0;0;0
26595;0;1;0;0;0;0;0;0;0;0;0;1;19;28;193,4;74,5;52;3452;12,9;310;8;5,7;16,8;0;0;0
19460;0;1;0;0;0;0;0;0;0;0;0;1;24;31;164,9;68,3;56,7;2932;18;180;4;1,8;14,5;0;1;0
19850;0;1;0;0;0;0;0;1;0;0;0;0;26;43;143,9;66,5;56,2;2513;5,3;163;4;1,6;13,2;0;1;0
15800;1;0;0;0;0;0;0;0;1;0;0;0;24;33;180,9;67,9;54,7;2676;13,6;115;4;2,2;14,1;0;1;0
16905;1;0;0;0;0;0;0;0;1;0;0;0;32;41;174,2;66,7;53,7;2403;12,1;125;4;1,8;13,2;0;1;0
10594;1;0;0;0;0;0;0;0;1;0;0;0;25;35;166,8;66,1;56,4;2522;8,8;105;4;1,6;12,7;0;1;0
12194;1;0;0;0;0;0;0;0;1;0;0;0;22;31;177;66,9;56,3;2800;13,1;129;4;2;13,7;0;1;0
15095;1;0;0;0;0;0;0;0;1;0;0;0;28;34;174,4;67,4;56;2585;13,1;150;4;2;12,5;0;1;0
13440;1;0;0;0;0;0;0;0;1;0;0;0;28;36;174,9;66,9;56,3;2604;12,9;110;4;2;13,2;0;1;0
11144;1;0;0;0;0;0;0;0;1;0;0;0;27;37;166,7;65,7;54,9;2290;11,8;105;4;1,6;11,9;0;1;0
12994;1;0;0;0;0;0;0;0;1;0;0;0;25;33;177,1;67,7;56,1;2635;12;140;4;2;14,5;0;1;0
9590;1;0;0;0;0;0;0;0;1;0;0;0;27;32;165,9;65,9;56,7;2242;9,2;96;4;1,5;11,9;0;1;0
13090;1;0;0;0;0;0;0;0;1;0;0;0;24;32;177,6;67,9;56,1;2672;10,4;126;4;1,8;13,2;0;1;0
13595;1;0;0;0;0;0;0;0;1;0;0;0;25;31;175,3;67,1;55,5;2634;12,9;130;4;2;14,5;0;1;0
14442;1;0;0;0;0;0;0;0;1;0;0;0;26;33;177,6;66,7;54,1;2646;11,3;120;4;2;13,2;0;1;0
15639;1;0;0;0;0;0;0;0;1;0;0;0;27;33;177,5;67,3;55,5;2633;11,6;122;4;1,8;13,2;0;1;0
20215;1;0;0;0;0;0;0;0;1;0;0;0;24;32;186,7;70,1;54,5;3016;14,6;140;4;2,2;14,1;0;1;0
21635;1;0;0;0;0;0;0;0;1;0;0;0;20;29;186,3;70,4;55,1;3168;14,6;175;6;3,4;14,3;0;1;0
16020;1;0;0;0;0;0;0;0;1;0;0;0;25;33;181,8;67,9;54,7;2644;13,1;115;4;2,2;14,1;0;1;0
11035;1;0;0;0;0;0;0;0;1;0;0;0;29;40;178,1;66,4;55;2351;12,1;100;4;1,9;12,1;0;1;0
19520;1;0;0;0;0;0;0;0;1;0;0;0;21;27;173,4;68,1;56,7;2965;11;165;4;2,5;15,9;1;0;0
14999;1;0;0;0;0;0;0;0;1;0;0;0;26;32;171,3;67,7;60,8;2604;14,6;141;4;2;13,2;0;1;0
13799;1;0;0;0;0;0;0;0;1;0;0;0;28;35;166,3;66,1;53,9;2271;12;122;4;1,8;12,7;0;1;0
13023;1;0;0;0;0;0;0;0;1;0;0;0;32;41;174;66,7;53,7;2410;12,1;125;4;1,8;13,2;0;1;0
11070;1;0;0;0;0;0;0;0;1;0;0;0;24;41;163,2;65,4;59,4;2055;13,6;108;4;1,5;11,9;0;1;0
20480;1;0;0;0;0;0;0;0;1;0;0;0;52;45;169,6;66,7;57,6;2765;11,8;70;4;1,5;11,8;0;1;0
17400;1;0;0;0;0;0;0;0;1;0;0;0;24;41;172,3;68,3;56,9;2892;13;115;4;2;14,5;0;1;0
25370;1;0;0;0;0;0;0;0;0;1;0;0;20;29;200;73,5;57;3567;18;205;6;3,8;18,5;0;1;0
39035;1;0;0;0;0;0;0;0;0;1;0;0;18;27;206,8;74,7;57,4;3884;19,1;240;6;3,8;18,5;0;1;0
24660;1;0;0;0;0;0;0;0;0;1;0;0;19;29;200;73;57,3;3466;18,6;200;6;3,8;17;0;1;0
32745;1;0;0;0;0;0;0;0;0;1;0;0;18;26;197,8;74,4;55,5;3650;16,8;250;6;3,5;17,2;0;1;0
23440;1;0;0;0;0;0;0;0;0;1;0;0;20;28;207,7;74,4;55,9;3479;18,7;200;6;2,7;17;0;1;0
23620;1;0;0;0;0;0;0;0;0;1;0;0;18;26;203,7;74,7;55,9;3487;18,4;234;6;3,5;17;0;1;0
27445;1;0;0;0;0;0;0;0;0;1;0;0;17;25;212;78,2;56,8;3942;20,6;220;8;4,6;19;0;0;0
24525;1;0;0;0;0;0;0;0;0;1;0;0;17;25;211,9;78,2;56,8;3957;20,6;220;8;4,6;19,5;0;0;0
26545;1;0;0;0;0;0;0;0;0;1;0;0;20;29;202,6;74,2;56,6;3633;18,5;205;6;3,8;18;0;1;0
26300;1;0;0;0;0;0;0;0;0;1;0;0;21;29;191,9;71,7;57,7;3417;15,9;210;6;3;18,5;0;1;0
43650;1;0;0;0;0;0;0;0;0;0;1;0;18;24;196,6;71,6;56,5;3920;14;225;6;3,5;18;0;1;0
31730;1;0;0;0;0;0;0;0;0;0;1;0;19;29;192,5;70,3;53,7;3538;14,3;260;6;3,2;17,2;0;1;0
27295;1;0;0;0;0;0;0;0;0;0;1;0;21;29;179;69,5;56,2;3406;13,4;170;4;1,8;17,4;1;0;0
40295;1;0;0;0;0;0;0;0;0;0;1;0;17;24;192;76,1;57,2;3759;15,4;250;6;2,7;18,5;1;0;0
62845;1;0;0;0;0;0;0;0;0;0;1;0;17;25;198,2;79;56,6;4068;17,6;310;8;4,2;23,7;1;0;0
39545;1;0;0;0;0;0;0;0;0;0;1;0;17;23;176,7;68,2;54,9;3593;13,7;250;6;2,7;16,4;1;0;0
74845;1;0;0;0;0;0;0;0;0;0;1;0;15;21;198,2;79;55,8;4068;17,6;360;8;4,2;23,8;1;0;0
27745;1;0;0;0;0;0;0;0;0;0;1;0;19;27;176;68,5;55,7;3219;10,7;184;6;2,5;16,6;0;0;0
36595;1;0;0;0;0;0;0;0;0;0;1;0;19;27;188;70,9;56,5;3450;11,1;186;6;2,5;18,5;0;0;0
72495;1;0;0;0;0;0;0;0;0;0;1;0;18;26;203,5;74,9;58,4;4464;18;325;8;4,4;23,3;0;0;0
70545;1;0;0;0;0;0;0;0;0;0;1;0;13;21;188,3;70,9;56,6;4023;11,1;394;8;4,9;18,5;0;0;0
48650;1;0;0;0;0;0;0;0;0;0;1;0;18;27;207,2;74,5;56,7;4049;19,1;275;8;4,6;18,5;0;1;0
45169;1;0;0;0;0;0;0;0;0;0;1;0;18;27;201;75;55,7;3969;15,7;275;8;4,6;18,5;0;1;0
21940;1;0;0;0;0;0;0;0;0;0;1;0;24;31;177,5;66,7;55,1;2923;13,5;145;4;2;15,9;0;1;0
29295;1;0;0;0;0;0;0;0;0;0;1;0;20;26;193,7;70,2;57;3342;14,9;255;6;3,5;18,5;0;1;0
51045;1;0;0;0;0;0;0;0;0;0;1;0;17;25;199,6;72,6;58,9;3801;13,7;340;8;4,5;21,4;0;0;0
44320;1;0;0;0;0;0;0;0;0;0;1;0;18;25;191,3;80,3;55,7;3816;11,7;237;6;3;18,4;0;0;0
30595;1;0;0;0;0;0;0;0;0;0;1;0;19;28;183,9;70,4;54,8;3428;16;191;6;2,5;16;1;0;0
79975;1;0;0;0;0;0;0;0;0;0;1;0;16;22;202,7;70,8;53,2;4129;12,7;365;8;4;23,1;0;0;0
32080;1;0;0;0;0;0;0;0;0;0;1;0;21;29;191,1;71,3;57,3;3439;14,5;210;6;3;18,5;0;1;0
37100;1;0;0;0;0;0;0;0;0;0;1;0;18;25;189,2;70,9;55,9;3649;14,8;220;6;3;19,8;0;0;0
45900;1;0;0;0;0;0;0;0;0;0;1;0;18;23;189,2;70,9;55,9;3715;14,8;300;8;4,3;19,8;0;0;0
31350;1;0;0;0;0;0;0;0;0;0;1;0;18;25;176,6;67,9;55,5;3285;10,1;215;6;3;17,5;0;0;0
54980;1;0;0;0;0;0;0;0;0;0;1;0;18;25;196,7;72;58,7;3955;20,2;290;8;4,3;20,2;0;0;0
39560;1;0;0;0;0;0;0;0;0;0;1;0;17;25;208,5;73,6;56;3848;18,4;275;8;4,6;20;0;1;0
35140;1;0;0;0;0;0;0;0;0;0;1;0;18;25;193,9;73,2;56,1;3640;13,5;220;6;3;18;0;0;0
45495;1;0;0;0;0;0;0;0;0;0;1;0;17;23;215,3;78,2;58;4121;20,6;235;8;4,6;19;0;0;0
51965;1;0;0;0;0;0;0;0;0;0;1;0;20;27;189,4;70,8;56,7;3823;15,3;221;6;3,2;21,1;1;0;0
72515;1;0;0;0;0;0;0;0;0;0;1;0;17;24;203,1;73,1;56,9;4133;15,4;275;8;4,3;23,2;0;0;0
39275;1;0;0;0;0;0;0;0;0;0;1;0;21;31;190;70,5;57;3470;15,9;250;4;2,3;18,5;0;1;0
34000;1;0;0;0;0;0;0;0;0;0;1;0;19;26;180,2;71;56,2;3146;13,9;190;5;2,4;18,5;1;0;0
39075;1;0;0;0;0;0;0;0;0;0;1;0;19;27;189,8;72,1;57,2;3583;14,4;194;6;2,9;21,1;0;1;0
21170;1;0;0;0;0;0;0;0;0;0;0;0;20;29;194,6;72,7;56,6;3353;16,7;175;6;3,1;17,5;0;1;0
28120;1;0;0;0;0;0;0;0;0;0;0;0;18;27;196,2;72,7;56,6;3543;16,7;240;6;3,8;17,5;0;1;0
20575;1;0;0;0;0;0;0;0;0;0;0;0;20;29;190,4;69,4;56,4;3053;17,1;170;6;3,1;14,3;0;1;0
19715;1;0;0;0;0;0;0;0;0;0;0;0;20;28;190,7;70,6;54,9;3201;16;200;6;2,7;16;0;1;0
19094;1;0;0;0;0;0;0;0;0;0;0;0;20;28;183,9;70;56,6;3157;14,1;131;4;2,2;15,8;0;1;0
21640;1;0;0;0;0;0;0;0;0;0;0;0;20;28;191,2;70,6;54,9;3269;16;200;6;2,7;16;0;1;0
19685;1;0;0;0;0;0;0;0;0;0;0;0;20;28;197,6;73;56,1;3355;17;165;6;3;18;0;1;0
15960;1;0;0;0;0;0;0;0;0;0;0;0;26;32;189,4;70,3;56,9;2943;14,1;135;4;2,3;17,1;0;1;0
17494;1;0;0;0;0;0;0;0;0;0;0;0;20;27;185,4;71,6;55,5;3069;14,1;181;6;2,7;17,2;0;1;0
26094;1;0;0;0;0;0;0;0;0;0;0;0;18;26;191,5;71,9;55,9;3651;14,5;194;6;3,5;18,5;0;1;0
15394;1;0;0;0;0;0;0;0;0;0;0;0;21;28;186,2;71,7;55,5;3157;13;149;4;2,4;17,2;0;1;0
22405;1;0;0;0;0;0;0;0;0;0;0;0;21;27;187,4;69,3;55,1;3023;14,2;165;6;2,5;16,9;0;1;0
28595;1;0;0;0;0;0;0;0;0;0;0;0;20;27;191,6;69,7;54,9;3358;13,3;170;6;2,5;18;0;1;0
20670;1;0;0;0;0;0;0;0;0;0;0;0;20;26;199,8;73;55,5;3338;16;157;6;3;18;0;1;0
26247;1;0;0;0;0;0;0;0;0;0;0;0;18;25;194,1;70,3;53,9;3461;14,2;205;6;3,5;19;0;1;0
17189;1;0;0;0;0;0;0;0;0;0;0;0;23;29;191,5;70,4;57,9;2983;15,6;175;4;2,5;20;0;1;0
27639;1;0;0;0;0;0;0;0;0;0;0;0;20;26;191,5;70,3;57,1;3275;15,1;255;6;3,5;18,5;0;1;0
32310;1;0;0;0;0;0;0;0;0;0;0;0;18;27;199,3;72,9;56,7;3686;14,9;215;6;3,5;18,5;0;1;0
25215;1;0;0;0;0;0;0;0;0;0;0;0;20;30;195,9;73,6;56,6;3434;16,4;215;6;3,5;17;0;1;0
23985;1;0;0;0;0;0;0;0;0;0;0;0;19;29;196,5;72,7;54,7;3496;16;200;6;3,8;17,5;0;1;0
23420;1;0;0;0;0;0;0;0;0;0;0;0;21;27;184,4;68,7;55,7;3345;12,4;165;4;2,5;16,9;1;0;0
28520;1;0;0;0;0;0;0;0;0;0;0;0;20;26;184,4;68,7;58,3;3610;12,4;212;6;3;16,9;1;0;0
19455;1;0;0;0;0;0;0;0;0;0;0;0;24;33;189,2;70,7;57,9;3086;16,7;157;4;2,4;18,5;0;1;0
24800;1;0;0;0;0;0;0;0;0;0;0;0;20;28;185,2;68,7;57,6;3291;15;190;6;2,8;16,4;0;1;0
36728;0;0;0;0;0;1;0;0;0;1;0;0;14;18;219,3;78,8;75,6;4914;45,7;285;8;5,3;31;0;0;0
36725;0;0;0;0;0;1;0;0;0;1;0;0;14;17;196,9;78,9;76,3;5050;63,6;275;8;4,8;26;0;0;1
41825;0;0;0;0;0;1;0;0;0;1;0;0;12;16;205,8;78,7;78,4;5468;60,9;260;8;5,4;30;0;0;1
34846;0;0;0;0;0;1;0;0;0;1;0;0;15;19;198,9;78,9;76,7;4875;63,6;275;8;4,8;26;0;0;0
53105;0;0;0;0;0;1;0;0;0;1;0;0;13;16;192,5;76,4;73,2;5115;20,8;230;8;4,7;25,4;0;0;1
39915;0;0;0;0;0;1;0;0;0;1;0;0;14;18;203,9;78;75,8;5100;27,8;240;8;4,7;26,1;0;0;0
39545;0;0;0;0;0;1;0;0;0;0;1;0;15;21;183,7;73,7;67,5;4533;16,1;225;6;3;24,3;1;0;0
37800;0;0;0;0;0;1;0;0;0;0;1;0;17;23;188,5;76,3;68,7;4392;14,8;240;6;3,5;19,2;0;0;1
53000;0;0;0;0;0;1;0;0;0;0;1;0;12;15;198,9;78,9;76,5;5560;16,3;345;8;6;26;1;0;0
34695;0;0;0;0;0;1;0;0;0;0;1;0;15;19;183,1;72,4;70,7;4074;38;240;6;3,5;21,1;0;0;0
33995;0;0;0;0;0;1;0;0;0;0;1;0;13;17;185,2;74,4;76,4;4576;40,5;188;8;4;24,6;0;0;1
28400;0;0;0;0;0;1;0;0;0;0;1;0;17;21;175;71,1;62,9;3585;19,3;175;5;2,5;15,6;1;0;0
68665;0;0;0;0;0;1;0;0;0;0;1;0;12;15;185,5;74,4;71,6;4960;31;222;8;4,6;24,6;1;0;0
62430;0;0;0;0;0;1;0;0;0;0;1;0;13;16;192,5;76,4;72,8;5401;19,1;230;8;4,7;25,4;0;0;1
34530;0;0;0;0;0;1;0;0;0;0;1;0;19;23;180,3;71,5;65,7;3715;39,8;220;6;3;19,8;0;1;0
49080;0;0;0;0;0;1;0;0;0;0;1;0;12;16;204,8;79,9;76,7;5723;14,8;300;8;5,4;30;0;0;1
73165;0;0;0;0;0;1;0;0;0;0;1;0;12;14;185,6;71,3;77,8;5423;45,2;292;8;5;25,4;1;0;0
36965;0;0;0;0;0;1;0;0;0;0;1;0;15;19;182,6;72,4;71,7;4786;34,7;215;6;3,2;22,6;1;0;0
26145;0;0;0;0;0;1;0;0;0;0;0;0;19;26;186,5;73,6;68,9;4024;54,5;185;6;3,4;18;0;1;0
23480;0;0;0;0;0;1;0;0;0;0;0;0;14;17;177,3;67,8;64,7;3884;29,8;190;6;4,3;19;0;0;1
31660;0;0;0;0;0;1;0;0;0;0;0;0;15;20;207,8;74,7;77,1;4836;22,3;270;6;4,2;25,5;0;0;0
37545;0;0;0;0;0;1;0;0;0;0;0;0;12;16;193,5;71,3;72;4726;18,8;245;8;5,9;25;0;0;1
35135;0;0;0;0;0;1;0;0;0;0;0;0;15;20;189,5;72,1;71,9;4344;46,6;210;6;4;22,5;0;0;1
23680;0;0;0;0;0;1;0;0;0;0;0;0;17;21;180,4;70,2;68,2;3769;35,5;203;6;4;16,8;0;0;0
32425;0;0;0;0;0;1;0;0;0;0;0;0;15;21;191,6;74,7;71,9;4600;39,8;270;6;4,2;18,7;0;0;1
34095;0;0;0;0;0;1;0;0;0;0;0;0;15;21;207,6;74,7;75,5;5020;22,3;270;6;4,2;25,5;0;0;1
27560;0;0;0;0;0;1;0;0;0;0;0;0;17;21;178,2;70,4;68,8;3842;33;205;6;3,2;19,5;0;0;0
31945;0;0;0;0;0;1;0;0;0;0;0;0;16;20;182,6;70,7;67,2;4180;35,2;230;6;3,5;19,5;0;0;1
25695;0;0;0;0;0;1;0;0;0;0;0;0;17;21;177,5;70,4;69,4;3923;33;205;6;3,2;20;0;0;0
31300;0;0;0;0;0;1;0;0;0;0;0;0;15;19;187,8;72,2;72,2;4273;43,7;215;6;3,5;22,5;0;0;0
27635;0;0;0;0;0;1;0;0;0;0;0;0;14;19;181,6;72,6;70,3;3863;39;235;8;4,7;20,5;0;0;0
23815;0;0;0;0;0;1;0;0;0;0;0;0;16;20;174,2;71,1;73,2;4115;29;210;6;3,7;18,5;0;0;1
36357;0;0;0;0;0;1;0;0;0;0;0;0;13;18;189,2;74;71,5;4735;39,8;200;6;3,5;23,8;0;0;1
23337;0;0;0;0;0;1;0;0;0;0;0;0;18;22;181,1;66,7;67,6;3835;43,4;165;6;3;19,5;0;0;0
29539;0;0;0;0;0;1;0;0;0;0;0;0;16;19;182,7;71,7;70,9;3985;38;240;6;3,5;21,1;0;0;0
25739;0;0;0;0;0;1;0;0;0;0;0;0;16;18;178;70,4;74;4115;44,5;170;6;3,3;19,4;0;0;1
32840;0;0;0;0;0;1;0;0;0;0;0;0;16;22;191,8;75,4;74,5;4442;39,8;270;6;4,2;18,7;0;0;0
20870;0;0;0;0;0;1;0;0;0;0;0;0;19;26;182,1;73,7;66,7;3779;45,4;185;6;3,4;18;0;1;0
25619;0;0;0;0;0;1;0;0;0;0;0;0;17;20;183,6;70,1;67,5;3626;6,6;183;6;2,7;16,9;0;0;0
33965;0;0;0;0;0;1;0;0;0;0;0;0;17;19;183,3;70,9;68,5;3795;44,6;183;6;3,4;18,5;0;0;0
31305;0;0;0;0;0;1;0;0;0;0;0;0;18;22;184,4;71,9;68,7;3880;38,5;220;6;3;19,8;1;0;0
24825;0;0;0;1;0;0;0;0;0;0;0;0;15;20;189,8;77,5;75;4323;41,3;190;6;4,3;27;0;0;0
26995;0;0;0;1;0;0;0;0;0;0;0;0;18;24;200,6;78,6;68,9;4275;17,8;215;6;3,8;20;0;1;0
17095;0;0;0;1;0;0;0;0;0;0;0;0;18;24;189,1;78,6;68,9;3869;15,1;150;4;2,4;20;0;1;0
30520;0;0;0;1;0;0;0;0;0;0;0;0;18;24;200,5;78,6;68,9;4238;20;215;6;3,8;20;0;1;0
24825;0;0;0;1;0;0;0;0;0;0;0;0;15;20;189,8;77,5;75;4323;41,3;190;6;4,3;27;0;0;0
27210;0;0;0;1;0;0;0;0;0;0;0;0;18;25;201,2;75,6;69,7;4354;38,1;240;6;3,5;20;0;1;0
21590;0;0;0;1;0;0;0;0;0;0;0;0;15;20;194,1;74,6;69,3;4709;21,8;195;6;3,5;19,8;0;1;0
22770;0;0;0;1;0;0;0;0;0;0;0;0;18;24;187,8;72,1;68,7;3794;17,2;200;6;3;19,8;0;1;0
21995;0;0;0;1;0;0;0;0;0;0;0;0;17;23;194,9;74,9;70,1;3997;32,2;170;6;3,3;20;0;1;0
23279;0;0;0;1;0;0;0;0;0;0;0;0;17;23;194,6;74,9;67,3;3984;25,3;170;6;3,3;20;0;1;0
27675;0;0;0;1;0;0;0;0;0;0;0;0;19;26;201,4;72,2;68,1;3948;24,2;185;6;3,4;25,5;0;1;0
26245;0;0;0;1;0;0;0;0;0;0;0;0;19;26;187,3;72,7;67,4;3803;19,9;185;6;3,4;20;0;1;0
24415;0;0;0;1;0;0;0;0;0;0;0;0;19;24;194,2;73,4;67,3;3919;26,6;210;6;3;20,9;0;1;0
26815;0;0;0;1;0;0;0;0;0;0;0;0;17;20;188,5;72,4;76,4;4288;20;201;6;2,8;21,1;0;1;0
14494;0;0;0;0;0;0;1;0;1;0;0;0;22;31;179;67,7;57,9;2888;19,4;129;4;2;13,7;0;1;0
17265;0;0;0;0;0;0;1;0;1;0;0;0;26;32;178,2;66,9;53,9;2759;55,8;130;4;2;13,2;0;1;0
16975;0;0;0;0;0;0;1;0;1;0;0;0;25;31;170,5;67,1;57,8;2716;19,8;130;4;2;14,5;0;1;0
18020;0;0;0;0;0;0;1;0;1;0;0;0;21;27;173,4;66,7;58,5;3045;27,9;165;4;2,5;15,9;1;0;0
14999;0;0;0;0;0;0;1;0;1;0;0;0;26;32;166,5;67,7;61;2688;14,6;141;4;2;13,2;0;1;0
14299;0;0;0;0;0;0;1;0;1;0;0;0;27;34;172,2;66,5;55,9;2403;24;122;4;1,8;12,7;0;1;0
18200;0;0;0;0;0;0;1;0;1;0;0;0;24;31;173,6;68,3;58,5;3034;34;115;4;2;14,5;0;1;0
38995;0;0;0;0;0;0;1;0;0;0;1;0;17;25;192;71,3;58,2;3924;36,4;220;6;3;18,5;1;0;0
41145;0;0;0;0;0;0;1;0;0;0;1;0;17;24;176,7;68,2;54,9;3814;31,3;250;6;2,7;16,4;1;0;0
61445;0;0;0;0;0;0;1;0;0;0;1;0;14;21;193,4;76,1;57;4024;36,4;340;8;4,2;21,7;1;0;0
40545;0;0;0;0;0;0;1;0;0;0;1;0;16;21;189,4;76,1;60,1;4167;36,4;250;6;2,7;18,5;1;0;0
30145;0;0;0;0;0;0;1;0;0;0;1;0;20;29;176,3;68,5;55,5;3362;25,7;184;6;2,5;16,6;0;0;0
38395;0;0;0;0;0;0;1;0;0;0;1;0;19;27;189,2;70,9;56,7;3682;32,7;184;6;2,5;18,5;0;0;0
31350;0;0;0;0;0;0;1;0;0;0;1;0;18;25;177;67,9;56,7;3410;21,8;215;6;3;17,5;0;0;0
39115;0;0;0;0;0;0;1;0;0;0;1;0;19;25;178,9;68;56,7;3495;25,2;215;6;3,2;16,4;0;0;0
49915;0;0;0;0;0;0;1;0;0;0;1;0;20;27;190;70,8;59,3;3856;43,8;221;6;3,2;18,5;0;0;0
35320;0;0;0;0;0;0;1;0;0;0;1;0;22;30;190,1;70,5;57;3620;37;185;4;2,3;18,5;0;1;0
25525;0;0;0;0;0;0;1;0;0;0;1;0;22;30;180,2;67,6;56;2822;33,5;160;4;1,9;15,9;0;1;0
30650;0;0;0;0;0;0;1;0;0;0;1;0;21;28;185,4;71;58,7;3488;37,5;168;5;2,4;21,1;0;1;0
37125;0;0;0;0;0;0;1;0;0;0;1;0;18;22;186,3;73,2;61,5;3699;37,5;197;5;2,4;18,5;1;0;0
23395;0;0;0;0;0;0;1;0;0;0;0;0;21;29;168,8;67,1;63;3123;19;150;4;2,4;15;0;1;0
21840;0;0;0;0;0;0;1;0;0;0;0;0;20;26;197,7;73;57,8;3532;17;155;6;3;18;0;1;0
22080;0;0;0;0;0;0;1;0;0;0;0;0;20;26;197,8;73;57,8;3501;38,8;157;6;3;18;0;1;0
19880;0;0;0;0;0;0;1;0;0;0;0;0;24;32;190,4;68,5;57,3;3070;33,5;135;4;2,2;15,7;0;1;0
20820;0;0;0;0;0;0;1;0;0;0;0;0;21;27;175,6;68,3;65;3140;32;165;4;2,5;15,9;1;0;0
24320;0;0;0;0;0;0;1;0;0;0;0;0;21;27;187,4;68,7;59,6;3450;34,3;165;4;2,5;16,9;1;0;0
30020;0;0;0;0;0;0;1;0;0;0;0;0;20;26;187,4;68,7;63,3;3715;34,3;212;6;3;16,9;1;0;0
23100;0;0;0;0;0;0;1;0;0;0;0;0;22;31;184,3;68,7;59;3322;39;170;4;1,8;16,4;0;1;0
21310;0;0;0;0;1;0;0;0;0;0;0;0;19;21;162,6;67,3;65,6;2866;20,2;155;6;2,5;16,9;0;0;0
20795;0;0;0;0;1;0;0;0;0;0;0;0;19;24;173;70,1;69,1;3247;33;201;6;3;16;0;1;0
21960;0;0;0;0;1;0;0;0;0;0;0;0;21;25;178,6;70,2;66,2;3347;33,5;160;4;2,4;15,3;1;0;0
21594;0;0;0;0;1;0;0;0;0;0;0;0;19;23;177,2;72,6;65,9;3720;29,4;181;6;2,7;17,2;1;0;0
16985;0;0;0;0;1;0;0;0;0;0;0;0;19;23;170,3;70,4;67,1;3551;20,1;130;4;2,2;15,6;0;0;0
15140;0;0;0;0;1;0;0;0;0;0;0;0;18;21;156,4;68,1;65;3108;13;130;4;2;15,8;0;0;0
18695;0;0;0;0;1;0;0;0;0;0;0;0;23;27;173;70,8;69,3;3091;33,1;130;4;2;15,3;0;1;0
16835;0;0;0;0;1;0;0;0;0;0;0;0;23;28;181,3;71,5;66,5;3172;30,3;143;4;2,2;15,5;0;1;0
19099;0;0;0;0;1;0;0;0;0;0;0;0;19;22;164,5;70,1;67,3;3152;21;165;6;2,5;14,8;0;0;0
18699;0;0;0;0;1;0;0;0;0;0;0;0;22;25;163;67,3;65,8;3053;21;127;4;2;16,9;0;0;1
17035;0;0;0;0;1;0;0;0;0;0;0;0;25;31;166,2;68,3;65,7;2711;29,2;148;4;2;14,7;0;1;0